time,action,domain
2025-02-23 20:13:08:532,Received,21736.xyz
2025-02-23 20:13:08:537,Blocked,21736.xyz
2025-02-23 20:13:08:538,Received,21736.xyz
2025-02-23 20:13:08:542,Blocked,21736.xyz
2025-02-23 20:13:08:542,Received,21736.xyz
2025-02-23 20:13:08:548,Blocked,21736.xyz
2025-02-23 20:13:08:549,Received,21736.xyz
2025-02-23 20:13:08:555,Blocked,21736.xyz
2025-02-23 20:13:10:569,Received,www.analytics.247sports.com
2025-02-23 20:13:10:571,Blocked,www.analytics.247sports.com
2025-02-23 20:13:10:572,Received,www.analytics.247sports.com
2025-02-23 20:13:10:573,Blocked,www.analytics.247sports.com
2025-02-23 20:13:10:573,Received,www.analytics.247sports.com
2025-02-23 20:13:10:574,Blocked,www.analytics.247sports.com
2025-02-23 20:13:10:574,Received,www.analytics.247sports.com
2025-02-23 20:13:10:575,Blocked,www.analytics.247sports.com
2025-02-23 20:13:12:589,Received,2no.co
2025-02-23 20:13:12:592,Blocked,2no.co
2025-02-23 20:13:12:593,Received,2no.co
2025-02-23 20:13:12:596,Blocked,2no.co
2025-02-23 20:13:12:596,Received,2no.co
2025-02-23 20:13:12:598,Blocked,2no.co
2025-02-23 20:13:12:598,Received,2no.co
2025-02-23 20:13:12:601,Blocked,2no.co
2025-02-23 20:13:14:616,Received,www.2no.co
2025-02-23 20:13:14:622,Blocked,www.2no.co
2025-02-23 20:13:14:622,Received,www.2no.co
2025-02-23 20:13:14:627,Blocked,www.2no.co
2025-02-23 20:13:14:627,Received,www.2no.co
2025-02-23 20:13:14:632,Blocked,www.2no.co
2025-02-23 20:13:14:633,Received,www.2no.co
2025-02-23 20:13:14:638,Blocked,www.2no.co
